Id,SalePrice
1,196845.13
2,191456.76
3,153632.07
4,199738.06
5,147916.21
6,178417.96
7,149238.68
8,144393.85
9,111834.33
10,151038.89
11,129261.4
12,195530.97
13,174898.44
14,149707.67
15,147855.59
16,149795.92
17,157467.31
18,315913.14
19,194821.31
20,185512.13
21,190752.62
22,157474.38
23,139008.36
24,141828.35
25,161426.32
26,123819.75
27,133767.03
28,164777.68
29,150365.25
30,164729.61
31,161416.84
32,207347.15
33,136027.41
34,166540.31
35,157747.24
36,140284.11
37,304446.08
38,161738.45
39,131125.37
40,125229.1
41,171609.11
42,221713.95
43,202328.87
44,131139.56
45,161917.75
46,186561.74
47,141661.59
48,171619.79
49,158081.14
50,162003.04
51,162320.85
52,186473.47
53,128294.79
54,219425.76
55,213356.07
56,133856.83
57,149910.36
58,189815.13
59,189995.47
60,142311.47
61,177505.2
62,162102.91
63,168649.08
64,114747.66
65,205875
66,151773.9
67,201214.16
68,161284.02
69,230581.04
70,102357.15
71,147467.03
72,182849.4
73,182911.52
74,157660.61
75,159333.17
76,301068.67
77,178944.12
78,204938.9
79,139531.72
80,152600.28
81,95307.83
82,109205.65
83,153391.56
84,143046.06
85,165446.14
86,126735.89
87,245560.42
88,160139.95
89,163362.31
90,174018.11
91,187978.95
92,131879.4
93,145802.11
94,171299.7
95,158456.22
96,178821.09
97,184125.77
98,148026.52
99,181537.77
100,161658.28
101,165004.3
102,173331.1
103,131045.05
104,218339.97
105,175359.86
106,152273.97
107,310495.93
108,191163.42
109,141909.68
110,193083.07
111,163188.73
112,106640.67
113,191194.11
114,227398.6
115,130818.5
116,148709.24
117,214084.68
118,103643.55
119,202835.86
120,163452.83
121,144628.7
122,319639.99
123,163841.3
124,136010.66
125,165070.54
126,145622
127,183765.57
128,132803.48
129,193303.97
130,179573.61
131,177060.99
132,107429.68
133,159487.78
134,192913.38
135,184809.36
136,181808.43
137,176366.17
138,142619
139,135192.07
140,150623.51
141,158768.02
142,194404.16
143,166052.06
144,146782.31
145,184372.09
146,113687.29
147,170165.82
148,310497.03
149,132214.96
150,213890.67
151,165391.77
152,131301.06
153,137162.12
154,117733.04
155,179353.06
156,180218.92
157,334311.89
158,223406.93
159,157517.98
160,168551.52
161,120020.13
162,178177.26
163,120073.72
164,173318.32
165,166108.43
166,161221.7
167,140956.7
168,115378.5
169,146995.52
170,155998.99
171,164297.69
172,152231.29
173,131581.25
174,279281.01
175,104838.43
176,149492.68
177,147431.52
178,177898.4
179,146828.58
180,150184.09
181,199976.98
182,172320.8
183,204204.21
184,191406.21
185,165670.85
186,183796.03
187,152518.51
188,143049.23
189,169646.57
190,193859.59
191,206554.15
192,111438.27
193,194746.53
194,126104.67
195,129013.77
196,178486.71
197,151334.12
198,178506.31
199,120950.22
200,210756.21
201,193046.29
202,158353.53
203,168657.71
204,149579.53
205,137055.42
206,111994.9
207,118451.2
208,139574.91
209,115567.86
210,286807.95
211,118216.29
212,146384.85
213,197526.35
214,144338.11
215,133116.34
216,196845.13
217,191456.76
218,153632.07
219,199738.06
220,147916.21
221,178417.96
222,149238.68
223,144393.85
224,111834.33
225,151038.89
226,129261.4
227,195530.97
228,174898.44
229,149707.67
230,147855.59
231,149795.92
232,157467.31
233,315913.14
234,194821.31
235,185512.13
236,190752.62
237,157474.38
238,139008.36
239,141828.35
240,161426.32
241,123819.75
242,133767.03
243,164777.68
244,150365.25
245,164729.61
246,161416.84
247,207347.15
248,136027.41
249,166540.31
250,157747.24
251,140284.11
252,304446.08
253,161738.45
254,131125.37
255,125229.1
256,171609.11
257,221713.95
258,202328.87
259,131139.56
260,161917.75
261,186561.74
262,141661.59
263,171619.79
264,158081.14
265,162003.04
266,162320.85
267,186473.47
268,128294.79
269,219425.76
270,213356.07
271,133856.83
272,149910.36
273,189815.13
274,189995.47
275,142311.47
276,177505.2
277,162102.91
278,168649.08
279,114747.66
280,205875
281,151773.9
282,201214.16
283,161284.02
284,230581.04
285,102357.15
286,147467.03
287,182849.4
288,182911.52
289,157660.61
290,159333.17
291,301068.67
292,178944.12
293,204938.9
294,139531.72
295,152600.28
296,95307.83
297,109205.65
298,153391.56
299,143046.06
300,165446.14
301,126735.89
302,245560.42
303,160139.95
304,163362.31
305,174018.11
306,187978.95
307,131879.4
308,145802.11
309,171299.7
310,158456.22
311,178821.09
312,184125.77
313,148026.52
314,181537.77
315,161658.28
316,165004.3
317,173331.1
318,131045.05
319,218339.97
320,175359.86
321,152273.97
322,310495.93
323,191163.42
324,141909.68
325,193083.07
326,163188.73
327,106640.67
328,191194.11
329,227398.6
330,130818.5
331,148709.24
332,214084.68
333,103643.55
334,202835.86
335,163452.83
336,144628.7
337,319639.99
338,163841.3
339,136010.66
340,165070.54
341,145622
342,183765.57
343,132803.48
344,193303.97
345,179573.61
346,177060.99
347,107429.68
348,159487.78
349,192913.38
350,184809.36
351,181808.43
352,176366.17
353,142619
354,135192.07
355,150623.51
356,158768.02
357,194404.16
358,166052.06
359,146782.31
360,184372.09
361,113687.29
362,170165.82
363,310497.03
364,132214.96
365,213890.67
366,165391.77
367,131301.06
368,137162.12
369,117733.04
370,179353.06
371,180218.92
372,334311.89
373,223406.93
374,157517.98
375,168551.52
376,120020.13
377,178177.26
378,120073.72
379,173318.32
380,166108.43
381,161221.7
382,140956.7
383,115378.5
384,146995.52
385,155998.99
386,164297.69
387,152231.29
388,131581.25
389,279281.01
390,104838.43
391,149492.68
392,147431.52
393,177898.4
394,146828.58
395,150184.09
396,199976.98
397,172320.8
398,204204.21
399,191406.21
400,165670.85
401,183796.03
402,152518.51
403,143049.23
404,169646.57
405,193859.59
406,206554.15
407,111438.27
408,194746.53
409,126104.67
410,129013.77
411,178486.71
412,151334.12
413,178506.31
414,120950.22
415,210756.21
416,193046.29
417,158353.53
418,168657.71
419,149579.53
420,137055.42
421,111994.9
422,118451.2
423,139574.91
424,115567.86
425,286807.95
426,118216.29
427,146384.85
428,197526.35
429,144338.11
430,133116.34
431,196845.13
432,191456.76
433,153632.07
434,199738.06
435,147916.21
436,178417.96
437,149238.68
438,144393.85
439,111834.33
440,151038.89
441,129261.4
442,195530.97
443,174898.44
444,149707.67
445,147855.59
446,149795.92
447,157467.31
448,315913.14
449,194821.31
450,185512.13
451,190752.62
452,157474.38
453,139008.36
454,141828.35
455,161426.32
456,123819.75
457,133767.03
458,164777.68
459,150365.25
460,164729.61
461,161416.84
462,207347.15
463,136027.41
464,166540.31
465,157747.24
466,140284.11
467,304446.08
468,161738.45
469,131125.37
470,125229.1
471,171609.11
472,221713.95
473,202328.87
474,131139.56
475,161917.75
476,186561.74
477,141661.59
478,171619.79
479,158081.14
480,162003.04
481,162320.85
482,186473.47
483,128294.79
484,219425.76
485,213356.07
486,133856.83
487,149910.36
488,189815.13
489,189995.47
490,142311.47
491,177505.2
492,162102.91
493,168649.08
494,114747.66
495,205875
496,151773.9
497,201214.16
498,161284.02
499,230581.04
500,102357.15
501,147467.03
502,182849.4
503,182911.52
504,157660.61
505,159333.17
506,301068.67
507,178944.12
508,204938.9
509,139531.72
510,152600.28
511,95307.83
512,109205.65
513,153391.56
514,143046.06
515,165446.14
516,126735.89
517,245560.42
518,160139.95
519,163362.31
520,174018.11
521,187978.95
522,131879.4
523,145802.11
524,171299.7
525,158456.22
526,178821.09
527,184125.77
528,148026.52
529,181537.77
530,161658.28
531,165004.3
532,173331.1
533,131045.05
534,218339.97
535,175359.86
536,152273.97
537,310495.93
538,191163.42
539,141909.68
540,193083.07
541,163188.73
542,106640.67
543,191194.11
544,227398.6
545,130818.5
546,148709.24
547,214084.68
548,103643.55
549,202835.86
550,163452.83
551,144628.7
552,319639.99
553,163841.3
554,136010.66
555,165070.54
556,145622
557,183765.57
558,132803.48
559,193303.97
560,179573.61
561,177060.99
562,107429.68
563,159487.78
564,192913.38
565,184809.36
566,181808.43
567,176366.17
568,142619
569,135192.07
570,150623.51
571,158768.02
572,194404.16
573,166052.06
574,146782.31
575,184372.09
576,113687.29
577,170165.82
578,310497.03
579,132214.96
580,213890.67
581,165391.77
582,131301.06
583,137162.12
584,117733.04
585,179353.06
586,180218.92
587,334311.89
588,223406.93
589,157517.98
590,168551.52
591,120020.13
592,178177.26
593,120073.72
594,173318.32
595,166108.43
596,161221.7
597,140956.7
598,115378.5
599,146995.52
600,155998.99
601,164297.69
602,152231.29
603,131581.25
604,279281.01
605,104838.43
606,149492.68
607,147431.52
608,177898.4
609,146828.58
610,150184.09
611,199976.98
612,172320.8
613,204204.21
614,191406.21
615,165670.85
616,183796.03
617,152518.51
618,143049.23
619,169646.57
620,193859.59
621,206554.15
622,111438.27
623,194746.53
624,126104.67
625,129013.77
626,178486.71
627,151334.12
628,178506.31
629,120950.22
630,210756.21
631,193046.29
632,158353.53
633,168657.71
634,149579.53
635,137055.42
636,111994.9
637,118451.2
638,139574.91
639,115567.86
640,286807.95
641,118216.29
642,146384.85
643,197526.35
644,144338.11
645,133116.34
646,196845.13
647,191456.76
648,153632.07
649,199738.06
650,147916.21
651,178417.96
652,149238.68
653,144393.85
654,111834.33
655,151038.89
656,129261.4
657,195530.97
658,174898.44
659,149707.67
660,147855.59
661,149795.92
662,157467.31
663,315913.14
664,194821.31
665,185512.13
666,190752.62
667,157474.38
668,139008.36
669,141828.35
670,161426.32
671,123819.75
672,133767.03
673,164777.68
674,150365.25
675,164729.61
676,161416.84
677,207347.15
678,136027.41
679,166540.31
680,157747.24
681,140284.11
682,304446.08
683,161738.45
684,131125.37
685,125229.1
686,171609.11
687,221713.95
688,202328.87
689,131139.56
690,161917.75
691,186561.74
692,141661.59
693,171619.79
694,158081.14
695,162003.04
696,162320.85
697,186473.47
698,128294.79
699,219425.76
700,213356.07
701,133856.83
702,149910.36
703,189815.13
704,189995.47
705,142311.47
706,177505.2
707,162102.91
708,168649.08
709,114747.66
710,205875
711,151773.9
712,201214.16
713,161284.02
714,230581.04
715,102357.15
716,147467.03
717,182849.4
718,182911.52
719,157660.61
720,159333.17
721,301068.67
722,178944.12
723,204938.9
724,139531.72
725,152600.28
726,95307.83
727,109205.65
728,153391.56
729,143046.06
730,165446.14
731,126735.89
732,245560.42
733,160139.95
734,163362.31
735,174018.11
736,187978.95
737,131879.4
738,145802.11
739,171299.7
740,158456.22
741,178821.09
742,184125.77
743,148026.52
744,181537.77
745,161658.28
746,165004.3
747,173331.1
748,131045.05
749,218339.97
750,175359.86
751,152273.97
752,310495.93
753,191163.42
754,141909.68
755,193083.07
756,163188.73
757,106640.67
758,191194.11
759,227398.6
760,130818.5
761,148709.24
762,214084.68
763,103643.55
764,202835.86
765,163452.83
766,144628.7
767,319639.99
768,163841.3
769,136010.66
770,165070.54
771,145622
772,183765.57
773,132803.48
774,193303.97
775,179573.61
776,177060.99
777,107429.68
778,159487.78
779,192913.38
780,184809.36
781,181808.43
782,176366.17
783,142619
784,135192.07
785,150623.51
786,158768.02
787,194404.16
788,166052.06
789,146782.31
790,184372.09
791,113687.29
792,170165.82
793,310497.03
794,132214.96
795,213890.67
796,165391.77
797,131301.06
798,137162.12
799,117733.04
800,179353.06
801,180218.92
802,334311.89
803,223406.93
804,157517.98
805,168551.52
806,120020.13
807,178177.26
808,120073.72
809,173318.32
810,166108.43
811,161221.7
812,140956.7
813,115378.5
814,146995.52
815,155998.99
816,164297.69
817,152231.29
818,131581.25
819,279281.01
820,104838.43
821,149492.68
822,147431.52
823,177898.4
824,146828.58
825,150184.09
826,199976.98
827,172320.8
828,204204.21
829,191406.21
830,165670.85
831,183796.03
832,152518.51
833,143049.23
834,169646.57
835,193859.59
836,206554.15
837,111438.27
838,194746.53
839,126104.67
840,129013.77
841,178486.71
842,151334.12
843,178506.31
844,120950.22
845,210756.21
846,193046.29
847,158353.53
848,168657.71
849,149579.53
850,137055.42
851,111994.9
852,118451.2
853,139574.91
854,115567.86
855,286807.95
856,118216.29
857,146384.85
858,197526.35
859,144338.11
860,133116.34
861,196845.13
862,191456.76
863,153632.07
864,199738.06
865,147916.21
866,178417.96
867,149238.68
868,144393.85
869,111834.33
870,151038.89
871,129261.4
872,195530.97
873,174898.44
874,149707.67
875,147855.59
876,149795.92
877,157467.31
878,315913.14
879,194821.31
880,185512.13
881,190752.62
882,157474.38
883,139008.36
884,141828.35
885,161426.32
886,123819.75
887,133767.03
888,164777.68
889,150365.25
890,164729.61
891,161416.84
892,207347.15
893,136027.41
894,166540.31
895,157747.24
896,140284.11
897,304446.08
898,161738.45
899,131125.37
900,125229.1
901,171609.11
902,221713.95
903,202328.87
904,131139.56
905,161917.75
906,186561.74
907,141661.59
908,171619.79
909,158081.14
910,162003.04
911,162320.85
912,186473.47
913,128294.79
914,219425.76
915,213356.07
916,133856.83
917,149910.36
918,189815.13
919,189995.47
920,142311.47
921,177505.2
922,162102.91
923,168649.08
924,114747.66
925,205875
926,151773.9
927,201214.16
928,161284.02
929,230581.04
930,102357.15
931,147467.03
932,182849.4
933,182911.52
934,157660.61
935,159333.17
936,301068.67
937,178944.12
938,204938.9
939,139531.72
940,152600.28
941,95307.83
942,109205.65
943,153391.56
944,143046.06
945,165446.14
946,126735.89
947,245560.42
948,160139.95
949,163362.31
950,174018.11
951,187978.95
952,131879.4
953,145802.11
954,171299.7
955,158456.22
956,178821.09
957,184125.77
958,148026.52
959,181537.77
960,161658.28
961,165004.3
962,173331.1
963,131045.05
964,218339.97
965,175359.86
966,152273.97
967,310495.93
968,191163.42
969,141909.68
970,193083.07
971,163188.73
972,106640.67
973,191194.11
974,227398.6
975,130818.5
976,148709.24
977,214084.68
978,103643.55
979,202835.86
980,163452.83
981,144628.7
982,319639.99
983,163841.3
984,136010.66
985,165070.54
986,145622
987,183765.57
988,132803.48
989,193303.97
990,179573.61
991,177060.99
992,107429.68
993,159487.78
994,192913.38
995,184809.36
996,181808.43
997,176366.17
998,142619
999,135192.07
1000,150623.51
1001,158768.02
1002,194404.16
1003,166052.06
1004,146782.31
1005,184372.09
1006,113687.29
1007,170165.82
1008,310497.03
1009,132214.96
1010,213890.67
1011,165391.77
1012,131301.06
1013,137162.12
1014,117733.04
1015,179353.06
1016,180218.92
1017,334311.89
1018,223406.93
1019,157517.98
1020,168551.52
1021,120020.13
1022,178177.26
1023,120073.72
1024,173318.32
1025,166108.43
1026,161221.7
1027,140956.7
1028,115378.5
1029,146995.52
1030,155998.99
1031,164297.69
1032,152231.29
1033,131581.25
1034,279281.01
1035,104838.43
1036,149492.68
1037,147431.52
1038,177898.4
1039,146828.58
1040,150184.09
1041,199976.98
1042,172320.8
1043,204204.21
1044,191406.21
1045,165670.85
1046,183796.03
1047,152518.51
1048,143049.23
1049,169646.57
1050,193859.59
1051,206554.15
1052,111438.27
1053,194746.53
1054,126104.67
1055,129013.77
1056,178486.71
1057,151334.12
1058,178506.31
1059,120950.22
1060,210756.21
1061,193046.29
1062,158353.53
1063,168657.71
1064,149579.53
1065,137055.42
1066,111994.9
1067,118451.2
1068,139574.91
1069,115567.86
1070,286807.95
1071,118216.29
1072,146384.85
1073,197526.35
1074,144338.11
1075,133116.34
1076,196845.13
1077,191456.76
1078,153632.07
1079,199738.06
1080,147916.21
1081,178417.96
1082,149238.68
1083,144393.85
1084,111834.33
1085,151038.89
1086,129261.4
1087,195530.97
1088,174898.44
1089,149707.67
1090,147855.59
1091,149795.92
1092,157467.31
1093,315913.14
1094,194821.31
1095,185512.13
1096,190752.62
1097,157474.38
1098,139008.36
1099,141828.35
1100,161426.32
1101,123819.75
1102,133767.03
1103,164777.68
1104,150365.25
1105,164729.61
1106,161416.84
1107,207347.15
1108,136027.41
1109,166540.31
1110,157747.24
1111,140284.11
1112,304446.08
1113,161738.45
1114,131125.37
1115,125229.1
1116,171609.11
1117,221713.95
1118,202328.87
1119,131139.56
1120,161917.75
1121,186561.74
1122,141661.59
1123,171619.79
1124,158081.14
1125,162003.04
1126,162320.85
1127,186473.47
1128,128294.79
1129,219425.76
1130,213356.07
1131,133856.83
1132,149910.36
1133,189815.13
1134,189995.47
1135,142311.47
1136,177505.2
1137,162102.91
1138,168649.08
1139,114747.66
1140,205875
1141,151773.9
1142,201214.16
1143,161284.02
1144,230581.04
1145,102357.15
1146,147467.03
1147,182849.4
1148,182911.52
1149,157660.61
1150,159333.17
1151,301068.67
1152,178944.12
1153,204938.9
1154,139531.72
1155,152600.28
1156,95307.83
1157,109205.65
1158,153391.56
1159,143046.06
1160,165446.14
1161,126735.89
1162,245560.42
1163,160139.95
1164,163362.31
1165,174018.11
1166,187978.95
1167,131879.4
1168,145802.11
1169,171299.7
1170,158456.22
1171,178821.09
1172,184125.77
1173,148026.52
1174,181537.77
1175,161658.28
1176,165004.3
1177,173331.1
1178,131045.05
1179,218339.97
1180,175359.86
1181,152273.97
1182,310495.93
1183,191163.42
1184,141909.68
1185,193083.07
1186,163188.73
1187,106640.67
1188,191194.11
1189,227398.6
1190,130818.5
1191,148709.24
1192,214084.68
1193,103643.55
1194,202835.86
1195,163452.83
1196,144628.7
1197,319639.99
1198,163841.3
1199,136010.66
1200,165070.54
1201,145622
1202,183765.57
1203,132803.48
1204,193303.97
1205,179573.61
1206,177060.99
1207,107429.68
1208,159487.78
1209,192913.38
1210,184809.36
1211,181808.43
1212,176366.17
1213,142619
1214,135192.07
1215,150623.51
1216,158768.02
1217,194404.16
1218,166052.06
1219,146782.31
1220,184372.09
1221,113687.29
1222,170165.82
1223,310497.03
1224,132214.96
1225,213890.67
1226,165391.77
1227,131301.06
1228,137162.12
1229,117733.04
1230,179353.06
1231,180218.92
1232,334311.89
1233,223406.93
1234,157517.98
1235,168551.52
1236,120020.13
1237,178177.26
1238,120073.72
1239,173318.32
1240,166108.43
1241,161221.7
1242,140956.7
1243,115378.5
1244,146995.52
1245,155998.99
1246,164297.69
1247,152231.29
1248,131581.25
1249,279281.01
1250,104838.43
1251,149492.68
1252,147431.52
1253,177898.4
1254,146828.58
1255,150184.09
1256,199976.98
1257,172320.8
1258,204204.21
1259,191406.21
1260,165670.85
1261,183796.03
1262,152518.51
1263,143049.23
1264,169646.57
1265,193859.59
1266,206554.15
1267,111438.27
1268,194746.53
1269,126104.67
1270,129013.77
1271,178486.71
1272,151334.12
1273,178506.31
1274,120950.22
1275,210756.21
1276,193046.29
1277,158353.53
1278,168657.71
1279,149579.53
1280,137055.42
1281,111994.9
1282,118451.2
1283,139574.91
1284,115567.86
1285,286807.95
1286,118216.29
1287,146384.85
1288,197526.35
1289,144338.11
1290,133116.34
1291,196845.13
1292,191456.76
1293,153632.07
1294,199738.06
1295,147916.21
1296,178417.96
1297,149238.68
1298,144393.85
1299,111834.33
1300,151038.89
1301,129261.4
1302,195530.97
1303,174898.44
1304,149707.67
1305,147855.59
1306,149795.92
1307,157467.31
1308,315913.14
1309,194821.31
1310,185512.13
1311,190752.62
1312,157474.38
1313,139008.36
1314,141828.35
1315,161426.32
1316,123819.75
1317,133767.03
1318,164777.68
1319,150365.25
1320,164729.61
1321,161416.84
1322,207347.15
1323,136027.41
1324,166540.31
1325,157747.24
1326,140284.11
1327,304446.08
1328,161738.45
1329,131125.37
1330,125229.1
1331,171609.11
1332,221713.95
1333,202328.87
1334,131139.56
1335,161917.75
1336,186561.74
1337,141661.59
1338,171619.79
1339,158081.14
1340,162003.04
1341,162320.85
1342,186473.47
1343,128294.79
1344,219425.76
1345,213356.07
1346,133856.83
1347,149910.36
1348,189815.13
1349,189995.47
1350,142311.47
1351,177505.2
1352,162102.91
1353,168649.08
1354,114747.66
1355,205875
1356,151773.9
1357,201214.16
1358,161284.02
1359,230581.04
1360,102357.15
1361,147467.03
1362,182849.4
1363,182911.52
1364,157660.61
1365,159333.17
1366,301068.67
1367,178944.12
1368,204938.9
1369,139531.72
1370,152600.28
1371,95307.83
1372,109205.65
1373,153391.56
1374,143046.06
1375,165446.14
1376,126735.89
1377,245560.42
1378,160139.95
1379,163362.31
1380,174018.11
1381,187978.95
1382,131879.4
1383,145802.11
1384,171299.7
1385,158456.22
1386,178821.09
1387,184125.77
1388,148026.52
1389,181537.77
1390,161658.28
1391,165004.3
1392,173331.1
1393,131045.05
1394,218339.97
1395,175359.86
1396,152273.97
1397,310495.93
1398,191163.42
1399,141909.68
1400,193083.07
1401,163188.73
1402,106640.67
1403,191194.11
1404,227398.6
1405,130818.5
1406,148709.24
1407,214084.68
1408,103643.55
1409,202835.86
1410,163452.83
1411,144628.7
1412,319639.99
1413,163841.3
1414,136010.66
1415,165070.54
1416,145622
1417,183765.57
1418,132803.48
1419,193303.97
1420,179573.61
1421,177060.99
1422,107429.68
1423,159487.78
1424,192913.38
1425,184809.36
1426,181808.43
1427,176366.17
1428,142619
1429,135192.07
1430,150623.51
1431,158768.02
1432,194404.16
1433,166052.06
1434,146782.31
1435,184372.09
1436,113687.29
1437,170165.82
1438,310497.03
1439,132214.96
1440,213890.67
1441,165391.77
1442,131301.06
1443,137162.12
1444,117733.04
1445,179353.06
1446,180218.92
1447,334311.89
1448,223406.93
1449,157517.98
1450,168551.52
1451,120020.13
1452,178177.26
1453,120073.72
1454,173318.32
1455,166108.43
1456,161221.7
1457,140956.7
1458,115378.5
1459,146995.52
1460,155998.99
1461,164297.69
1462,152231.29
1463,131581.25
1464,279281.01
1465,104838.43
1466,149492.68
1467,147431.52
1468,177898.4
1469,146828.58
1470,150184.09
1471,199976.98
1472,172320.8
1473,204204.21
1474,191406.21
1475,165670.85
1476,183796.03
1477,152518.51
1478,143049.23
1479,169646.57
1480,193859.59
1481,206554.15
1482,111438.27
1483,194746.53
1484,126104.67
1485,129013.77
1486,178486.71
1487,151334.12
1488,178506.31
1489,120950.22
1490,210756.21
1491,193046.29
1492,158353.53
1493,168657.71
1494,149579.53
1495,137055.42
1496,111994.9
1497,118451.2
1498,139574.91
1499,115567.86
1500,286807.95
1501,118216.29
1502,146384.85
1503,197526.35
1504,144338.11
1505,133116.34
1506,196845.13
1507,191456.76
1508,153632.07
1509,199738.06
1510,147916.21
1511,178417.96
1512,149238.68
1513,144393.85
1514,111834.33
1515,151038.89
1516,129261.4
1517,195530.97
1518,174898.44
1519,149707.67
1520,147855.59
1521,149795.92
1522,157467.31
1523,315913.14
1524,194821.31
1525,185512.13
1526,190752.62
1527,157474.38
1528,139008.36
1529,141828.35
1530,161426.32
1531,123819.75
1532,133767.03
1533,164777.68
1534,150365.25
1535,164729.61
1536,161416.84
1537,207347.15
1538,136027.41
1539,166540.31
1540,157747.24
1541,140284.11
1542,304446.08
1543,161738.45
1544,131125.37
1545,125229.1
1546,171609.11
1547,221713.95
1548,202328.87
1549,131139.56
1550,161917.75
1551,186561.74
1552,141661.59
1553,171619.79
1554,158081.14
1555,162003.04
1556,162320.85
1557,186473.47
1558,128294.79
1559,219425.76
1560,213356.07
1561,133856.83
1562,149910.36
1563,189815.13
1564,189995.47
1565,142311.47
1566,177505.2
1567,162102.91
1568,168649.08
1569,114747.66
1570,205875
1571,151773.9
1572,201214.16
1573,161284.02
1574,230581.04
1575,102357.15
1576,147467.03
1577,182849.4
1578,182911.52
1579,157660.61
1580,159333.17
1581,301068.67
1582,178944.12
1583,204938.9
1584,139531.72
1585,152600.28
1586,95307.83
1587,109205.65
1588,153391.56
1589,143046.06
1590,165446.14
1591,126735.89
1592,245560.42
1593,160139.95
1594,163362.31
1595,174018.11
1596,187978.95
1597,131879.4
1598,145802.11
1599,171299.7
1600,158456.22
1601,178821.09
1602,184125.77
1603,148026.52
1604,181537.77
1605,161658.28
1606,165004.3
1607,173331.1
1608,131045.05
1609,218339.97
1610,175359.86
1611,152273.97
1612,310495.93
1613,191163.42
1614,141909.68
1615,193083.07
1616,163188.73
1617,106640.67
1618,191194.11
1619,227398.6
1620,130818.5
1621,148709.24
1622,214084.68
1623,103643.55
1624,202835.86
1625,163452.83
1626,144628.7
1627,319639.99
1628,163841.3
1629,136010.66
1630,165070.54
1631,145622
1632,183765.57
1633,132803.48
1634,193303.97
1635,179573.61
1636,177060.99
1637,107429.68
1638,159487.78
1639,192913.38
1640,184809.36
1641,181808.43
1642,176366.17
1643,142619
1644,135192.07
1645,150623.51
1646,158768.02
1647,194404.16
1648,166052.06
1649,146782.31
1650,184372.09
1651,113687.29
1652,170165.82
1653,310497.03
1654,132214.96
1655,213890.67
1656,165391.77
1657,131301.06
1658,137162.12
1659,117733.04
1660,179353.06
1661,180218.92
1662,334311.89
1663,223406.93
1664,157517.98
1665,168551.52
1666,120020.13
1667,178177.26
1668,120073.72
1669,173318.32
1670,166108.43
1671,161221.7
1672,140956.7
1673,115378.5
1674,146995.52
1675,155998.99
1676,164297.69
1677,152231.29
1678,131581.25
1679,279281.01
1680,104838.43
1681,149492.68
1682,147431.52
1683,177898.4
1684,146828.58
1685,150184.09
1686,199976.98
1687,172320.8
1688,204204.21
1689,191406.21
1690,165670.85
1691,183796.03
1692,152518.51
1693,143049.23
1694,169646.57
1695,193859.59
1696,206554.15
1697,111438.27
1698,194746.53
1699,126104.67
1700,129013.77
1701,178486.71
1702,151334.12
1703,178506.31
1704,120950.22
1705,210756.21
1706,193046.29
1707,158353.53
1708,168657.71
1709,149579.53
1710,137055.42
1711,111994.9
1712,118451.2
1713,139574.91
1714,115567.86
1715,286807.95
1716,118216.29
1717,146384.85
1718,197526.35
1719,144338.11
1720,133116.34
1721,196845.13
1722,191456.76
1723,153632.07
1724,199738.06
1725,147916.21
1726,178417.96
1727,149238.68
1728,144393.85
1729,111834.33
1730,151038.89
1731,129261.4
1732,195530.97
1733,174898.44
1734,149707.67
1735,147855.59
1736,149795.92
1737,157467.31
1738,315913.14
1739,194821.31
1740,185512.13
1741,190752.62
1742,157474.38
1743,139008.36
1744,141828.35
1745,161426.32
1746,123819.75
1747,133767.03
1748,164777.68
1749,150365.25
1750,164729.61
1751,161416.84
1752,207347.15
1753,136027.41
1754,166540.31
1755,157747.24
1756,140284.11
1757,304446.08
1758,161738.45
1759,131125.37
1760,125229.1
1761,171609.11
1762,221713.95
1763,202328.87
1764,131139.56
1765,161917.75
1766,186561.74
1767,141661.59
1768,171619.79
1769,158081.14
1770,162003.04
1771,162320.85
1772,186473.47
1773,128294.79
1774,219425.76
1775,213356.07
1776,133856.83
1777,149910.36
1778,189815.13
1779,189995.47
1780,142311.47
1781,177505.2
1782,162102.91
1783,168649.08
1784,114747.66
1785,205875
1786,151773.9
1787,201214.16
1788,161284.02
1789,230581.04
1790,102357.15
1791,147467.03
1792,182849.4
1793,182911.52
1794,157660.61
1795,159333.17
1796,301068.67
1797,178944.12
1798,204938.9
1799,139531.72
1800,152600.28
1801,95307.83
1802,109205.65
1803,153391.56
1804,143046.06
1805,165446.14
1806,126735.89
1807,245560.42
1808,160139.95
1809,163362.31
1810,174018.11
1811,187978.95
1812,131879.4
1813,145802.11
1814,171299.7
1815,158456.22
1816,178821.09
1817,184125.77
1818,148026.52
1819,181537.77
1820,161658.28
1821,165004.3
1822,173331.1
1823,131045.05
1824,218339.97
1825,175359.86
1826,152273.97
1827,310495.93
1828,191163.42
1829,141909.68
1830,193083.07
1831,163188.73
1832,106640.67
1833,191194.11
1834,227398.6
1835,130818.5
1836,148709.24
1837,214084.68
1838,103643.55
1839,202835.86
1840,163452.83
1841,144628.7
1842,319639.99
1843,163841.3
1844,136010.66
1845,165070.54
1846,145622
1847,183765.57
1848,132803.48
1849,193303.97
1850,179573.61
1851,177060.99
1852,107429.68
1853,159487.78
1854,192913.38
1855,184809.36
1856,181808.43
1857,176366.17
1858,142619
1859,135192.07
1860,150623.51
1861,158768.02
1862,194404.16
1863,166052.06
1864,146782.31
1865,184372.09
1866,113687.29
1867,170165.82
1868,310497.03
1869,132214.96
1870,213890.67
1871,165391.77
1872,131301.06
1873,137162.12
1874,117733.04
1875,179353.06
1876,180218.92
1877,334311.89
1878,223406.93
1879,157517.98
1880,168551.52
1881,120020.13
1882,178177.26
1883,120073.72
1884,173318.32
1885,166108.43
1886,161221.7
1887,140956.7
1888,115378.5
1889,146995.52
1890,155998.99
1891,164297.69
1892,152231.29
1893,131581.25
1894,279281.01
1895,104838.43
1896,149492.68
1897,147431.52
1898,177898.4
1899,146828.58
1900,150184.09
1901,199976.98
1902,172320.8
1903,204204.21
1904,191406.21
1905,165670.85
1906,183796.03
1907,152518.51
1908,143049.23
1909,169646.57
1910,193859.59
1911,206554.15
1912,111438.27
1913,194746.53
1914,126104.67
1915,129013.77
1916,178486.71
1917,151334.12
1918,178506.31
1919,120950.22
1920,210756.21
1921,193046.29
1922,158353.53
1923,168657.71
1924,149579.53
1925,137055.42
1926,111994.9
1927,118451.2
1928,139574.91
1929,115567.86
1930,286807.95
1931,118216.29
1932,146384.85
1933,197526.35
1934,144338.11
1935,133116.34
1936,196845.13
1937,191456.76
1938,153632.07
1939,199738.06
1940,147916.21
1941,178417.96
1942,149238.68
1943,144393.85
1944,111834.33
1945,151038.89
1946,129261.4
1947,195530.97
1948,174898.44
1949,149707.67
1950,147855.59
1951,149795.92
1952,157467.31
1953,315913.14
1954,194821.31
1955,185512.13
1956,190752.62
1957,157474.38
1958,139008.36
1959,141828.35
1960,161426.32
1961,123819.75
1962,133767.03
1963,164777.68
1964,150365.25
1965,164729.61
1966,161416.84
1967,207347.15
1968,136027.41
1969,166540.31
1970,157747.24
1971,140284.11
1972,304446.08
1973,161738.45
1974,131125.37
1975,125229.1
1976,171609.11
1977,221713.95
1978,202328.87
1979,131139.56
1980,161917.75
1981,186561.74
1982,141661.59
1983,171619.79
1984,158081.14
1985,162003.04
1986,162320.85
1987,186473.47
1988,128294.79
1989,219425.76
1990,213356.07
1991,133856.83
1992,149910.36
1993,189815.13
1994,189995.47
1995,142311.47
1996,177505.2
1997,162102.91
1998,168649.08
1999,114747.66
2000,205875
2001,151773.9
2002,201214.16
2003,161284.02
2004,230581.04
2005,102357.15
2006,147467.03
2007,182849.4
2008,182911.52
2009,157660.61
2010,159333.17
2011,301068.67
2012,178944.12
2013,204938.9
2014,139531.72
2015,152600.28
2016,95307.83
2017,109205.65
2018,153391.56
2019,143046.06
2020,165446.14
2021,126735.89
2022,245560.42
2023,160139.95
2024,163362.31
2025,174018.11
2026,187978.95
2027,131879.4
2028,145802.11
2029,171299.7
2030,158456.22
2031,178821.09
2032,184125.77
2033,148026.52
2034,181537.77
2035,161658.28
2036,165004.3
2037,173331.1
2038,131045.05
2039,218339.97
2040,175359.86
2041,152273.97
2042,310495.93
2043,191163.42
2044,141909.68
2045,193083.07
2046,163188.73
2047,106640.67
2048,191194.11
2049,227398.6
2050,130818.5
2051,148709.24
2052,214084.68
2053,103643.55
2054,202835.86
2055,163452.83
2056,144628.7
2057,319639.99
2058,163841.3
2059,136010.66
2060,165070.54
2061,145622
2062,183765.57
2063,132803.48
2064,193303.97
2065,179573.61
2066,177060.99
2067,107429.68
2068,159487.78
2069,192913.38
2070,184809.36
2071,181808.43
2072,176366.17
2073,142619
2074,135192.07
2075,150623.51
2076,158768.02
2077,194404.16
2078,166052.06
2079,146782.31
2080,184372.09
2081,113687.29
2082,170165.82
2083,310497.03
2084,132214.96
2085,213890.67
2086,165391.77
2087,131301.06
2088,137162.12
2089,117733.04
2090,179353.06
2091,180218.92
2092,334311.89
2093,223406.93
2094,157517.98
2095,168551.52
2096,120020.13
2097,178177.26
2098,120073.72
2099,173318.32
2100,166108.43
2101,161221.7
2102,140956.7
2103,115378.5
2104,146995.52
2105,155998.99
2106,164297.69
2107,152231.29
2108,131581.25
2109,279281.01
2110,104838.43
2111,149492.68
2112,147431.52
2113,177898.4
2114,146828.58
2115,150184.09
2116,199976.98
2117,172320.8
2118,204204.21
2119,191406.21
2120,165670.85
2121,183796.03
2122,152518.51
2123,143049.23
2124,169646.57
2125,193859.59
2126,206554.15
2127,111438.27
2128,194746.53
2129,126104.67
2130,129013.77
2131,178486.71
2132,151334.12
2133,178506.31
2134,120950.22
2135,210756.21
2136,193046.29
2137,158353.53
2138,168657.71
2139,149579.53
2140,137055.42
2141,111994.9
2142,118451.2
2143,139574.91
2144,115567.86
2145,286807.95
2146,118216.29
2147,146384.85
2148,197526.35
2149,144338.11
2150,133116.34
2151,196845.13
2152,191456.76
2153,153632.07
2154,199738.06
2155,147916.21
2156,178417.96
2157,149238.68
2158,144393.85
2159,111834.33
2160,151038.89
2161,129261.4
2162,195530.97
2163,174898.44
2164,149707.67
2165,147855.59
2166,149795.92
2167,157467.31
2168,315913.14
2169,194821.31
2170,185512.13
2171,190752.62
2172,157474.38
2173,139008.36
2174,141828.35
2175,161426.32
2176,123819.75
2177,133767.03
2178,164777.68
2179,150365.25
2180,164729.61
2181,161416.84
2182,207347.15
2183,136027.41
2184,166540.31
2185,157747.24
2186,140284.11
2187,304446.08
2188,161738.45
2189,131125.37
2190,125229.1
2191,171609.11
2192,221713.95
2193,202328.87
2194,131139.56
2195,161917.75
2196,186561.74
2197,141661.59
2198,171619.79
2199,158081.14
2200,162003.04
2201,162320.85
2202,186473.47
2203,128294.79
2204,219425.76
2205,213356.07
2206,133856.83
2207,149910.36
2208,189815.13
2209,189995.47
2210,142311.47
2211,177505.2
2212,162102.91
2213,168649.08
2214,114747.66
2215,205875
2216,151773.9
2217,201214.16
2218,161284.02
2219,230581.04
2220,102357.15
2221,147467.03
2222,182849.4
2223,182911.52
2224,157660.61
2225,159333.17
2226,301068.67
2227,178944.12
2228,204938.9
2229,139531.72
2230,152600.28
2231,95307.83
2232,109205.65
2233,153391.56
2234,143046.06
2235,165446.14
2236,126735.89
2237,245560.42
2238,160139.95
2239,163362.31
2240,174018.11
2241,187978.95
2242,131879.4
2243,145802.11
2244,171299.7
2245,158456.22
2246,178821.09
2247,184125.77
2248,148026.52
2249,181537.77
2250,161658.28
2251,165004.3
2252,173331.1
2253,131045.05
2254,218339.97
2255,175359.86
2256,152273.97
2257,310495.93
2258,191163.42
2259,141909.68
2260,193083.07
2261,163188.73
2262,106640.67
2263,191194.11
2264,227398.6
2265,130818.5
2266,148709.24
2267,214084.68
2268,103643.55
2269,202835.86
2270,163452.83
2271,144628.7
2272,319639.99
2273,163841.3
2274,136010.66
2275,165070.54
2276,145622
2277,183765.57
2278,132803.48
2279,193303.97
2280,179573.61
2281,177060.99
2282,107429.68
2283,159487.78
2284,192913.38
2285,184809.36
2286,181808.43
2287,176366.17
2288,142619
2289,135192.07
2290,150623.51
2291,158768.02
2292,194404.16
2293,166052.06
2294,146782.31
2295,184372.09
2296,113687.29
2297,170165.82
2298,310497.03
2299,132214.96
2300,213890.67
2301,165391.77
2302,131301.06
2303,137162.12
2304,117733.04
2305,179353.06
2306,180218.92
2307,334311.89
2308,223406.93
2309,157517.98
2310,168551.52
2311,120020.13
2312,178177.26
2313,120073.72
2314,173318.32
2315,166108.43
2316,161221.7
2317,140956.7
2318,115378.5
2319,146995.52
2320,155998.99
2321,164297.69
2322,152231.29
2323,131581.25
2324,279281.01
2325,104838.43
2326,149492.68
2327,147431.52
2328,177898.4
2329,146828.58
2330,150184.09
2331,199976.98
2332,172320.8
2333,204204.21
2334,191406.21
2335,165670.85
2336,183796.03
2337,152518.51
2338,143049.23
2339,169646.57
2340,193859.59
2341,206554.15
2342,111438.27
2343,194746.53
2344,126104.67
2345,129013.77
2346,178486.71
2347,151334.12
2348,178506.31
2349,120950.22
2350,210756.21
2351,193046.29
2352,158353.53
2353,168657.71
2354,149579.53
2355,137055.42
2356,111994.9
2357,118451.2
2358,139574.91
2359,115567.86
2360,286807.95
2361,118216.29
2362,146384.85
2363,197526.35
2364,144338.11
2365,133116.34
2366,196845.13
2367,191456.76
2368,153632.07
2369,199738.06
2370,147916.21
2371,178417.96
2372,149238.68
2373,144393.85
2374,111834.33
2375,151038.89
2376,129261.4
2377,195530.97
2378,174898.44
2379,149707.67
2380,147855.59
2381,149795.92
2382,157467.31
2383,315913.14
2384,194821.31
2385,185512.13
2386,190752.62
2387,157474.38
2388,139008.36
2389,141828.35
2390,161426.32
2391,123819.75
2392,133767.03
2393,164777.68
2394,150365.25
2395,164729.61
2396,161416.84
2397,207347.15
2398,136027.41
2399,166540.31
2400,157747.24
2401,140284.11
2402,304446.08
2403,161738.45
2404,131125.37
2405,125229.1
2406,171609.11
2407,221713.95
2408,202328.87
2409,131139.56
2410,161917.75
2411,186561.74
2412,141661.59
2413,171619.79
2414,158081.14
2415,162003.04
2416,162320.85
2417,186473.47
2418,128294.79
2419,219425.76
2420,213356.07
2421,133856.83
2422,149910.36
2423,189815.13
2424,189995.47
2425,142311.47
2426,177505.2
2427,162102.91
2428,168649.08
2429,114747.66
2430,205875
2431,151773.9
2432,201214.16
2433,161284.02
2434,230581.04
2435,102357.15
2436,147467.03
2437,182849.4
2438,182911.52
2439,157660.61
2440,159333.17
2441,301068.67
2442,178944.12
2443,204938.9
2444,139531.72
2445,152600.28
2446,95307.83
2447,109205.65
2448,153391.56
2449,143046.06
2450,165446.14
2451,126735.89
2452,245560.42
2453,160139.95
2454,163362.31
2455,174018.11
2456,187978.95
2457,131879.4
2458,145802.11
2459,171299.7
2460,158456.22
2461,178821.09
2462,184125.77
2463,148026.52
2464,181537.77
2465,161658.28
2466,165004.3
2467,173331.1
2468,131045.05
2469,218339.97
2470,175359.86
2471,152273.97
2472,310495.93
2473,191163.42
2474,141909.68
2475,193083.07
2476,163188.73
2477,106640.67
2478,191194.11
2479,227398.6
2480,130818.5
2481,148709.24
2482,214084.68
2483,103643.55
2484,202835.86
2485,163452.83
2486,144628.7
2487,319639.99
2488,163841.3
2489,136010.66
2490,165070.54
2491,145622
2492,183765.57
2493,132803.48
2494,193303.97
2495,179573.61
2496,177060.99
2497,107429.68
2498,159487.78
2499,192913.38
2500,184809.36
2501,181808.43
2502,176366.17
2503,142619
2504,135192.07
2505,150623.51
2506,158768.02
2507,194404.16
2508,166052.06
2509,146782.31
2510,184372.09
2511,113687.29
2512,170165.82
2513,310497.03
2514,132214.96
2515,213890.67
2516,165391.77
2517,131301.06
2518,137162.12
2519,117733.04
2520,179353.06
2521,180218.92
2522,334311.89
2523,223406.93
2524,157517.98
2525,168551.52
2526,120020.13
2527,178177.26
2528,120073.72
2529,173318.32
2530,166108.43
2531,161221.7
2532,140956.7
2533,115378.5
2534,146995.52
2535,155998.99
2536,164297.69
2537,152231.29
2538,131581.25
2539,279281.01
2540,104838.43
2541,149492.68
2542,147431.52
2543,177898.4
2544,146828.58
2545,150184.09
2546,199976.98
2547,172320.8
2548,204204.21
2549,191406.21
2550,165670.85
2551,183796.03
2552,152518.51
2553,143049.23
2554,169646.57
2555,193859.59
2556,206554.15
2557,111438.27
2558,194746.53
2559,126104.67
2560,129013.77
2561,178486.71
2562,151334.12
2563,178506.31
2564,120950.22
2565,210756.21
2566,193046.29
2567,158353.53
2568,168657.71
2569,149579.53
2570,137055.42
2571,111994.9
2572,118451.2
2573,139574.91
2574,115567.86
2575,286807.95
2576,118216.29
2577,146384.85
2578,197526.35
2579,144338.11
2580,133116.34
2581,196845.13
2582,191456.76
2583,153632.07
2584,199738.06
2585,147916.21
2586,178417.96
2587,149238.68
2588,144393.85
2589,111834.33
2590,151038.89
2591,129261.4
2592,195530.97
2593,174898.44
2594,149707.67
2595,147855.59
2596,149795.92
2597,157467.31
2598,315913.14
2599,194821.31
2600,185512.13
2601,190752.62
2602,157474.38
2603,139008.36
2604,141828.35
2605,161426.32
2606,123819.75
2607,133767.03
2608,164777.68
2609,150365.25
2610,164729.61
2611,161416.84
2612,207347.15
2613,136027.41
2614,166540.31
2615,157747.24
2616,140284.11
2617,304446.08
2618,161738.45
2619,131125.37
2620,125229.1
2621,171609.11
2622,221713.95
2623,202328.87
2624,131139.56
2625,161917.75
2626,186561.74
2627,141661.59
2628,171619.79
2629,158081.14
2630,162003.04
2631,162320.85
2632,186473.47
2633,128294.79
2634,219425.76
2635,213356.07
2636,133856.83
2637,149910.36
2638,189815.13
2639,189995.47
2640,142311.47
2641,177505.2
2642,162102.91
2643,168649.08
2644,114747.66
2645,205875
2646,151773.9
2647,201214.16
2648,161284.02
2649,230581.04
2650,102357.15
2651,147467.03
2652,182849.4
2653,182911.52
2654,157660.61
2655,159333.17
2656,301068.67
2657,178944.12
2658,204938.9
2659,139531.72
2660,152600.28
2661,95307.83
2662,109205.65
2663,153391.56
2664,143046.06
2665,165446.14
2666,126735.89
2667,245560.42
2668,160139.95
2669,163362.31
2670,174018.11
2671,187978.95
2672,131879.4
2673,145802.11
2674,171299.7
2675,158456.22
2676,178821.09
2677,184125.77
2678,148026.52
2679,181537.77
2680,161658.28
2681,165004.3
2682,173331.1
2683,131045.05
2684,218339.97
2685,175359.86
2686,152273.97
2687,310495.93
2688,191163.42
2689,141909.68
2690,193083.07
2691,163188.73
2692,106640.67
2693,191194.11
2694,227398.6
2695,130818.5
2696,148709.24
2697,214084.68
2698,103643.55
2699,202835.86
2700,163452.83
2701,144628.7
2702,319639.99
2703,163841.3
2704,136010.66
2705,165070.54
2706,145622
2707,183765.57
2708,132803.48
2709,193303.97
2710,179573.61
2711,177060.99
2712,107429.68
2713,159487.78
2714,192913.38
2715,184809.36
2716,181808.43
2717,176366.17
2718,142619
2719,135192.07
2720,150623.51
2721,158768.02
2722,194404.16
2723,166052.06
2724,146782.31
2725,184372.09
2726,113687.29
2727,170165.82
2728,310497.03
2729,132214.96
2730,213890.67
2731,165391.77
2732,131301.06
2733,137162.12
2734,117733.04
2735,179353.06
2736,180218.92
2737,334311.89
2738,223406.93
2739,157517.98
2740,168551.52
2741,120020.13
2742,178177.26
2743,120073.72
2744,173318.32
2745,166108.43
2746,161221.7
2747,140956.7
2748,115378.5
2749,146995.52
2750,155998.99
2751,164297.69
2752,152231.29
2753,131581.25
2754,279281.01
2755,104838.43
2756,149492.68
2757,147431.52
2758,177898.4
2759,146828.58
2760,150184.09
2761,199976.98
2762,172320.8
2763,204204.21
2764,191406.21
2765,165670.85
2766,183796.03
2767,152518.51
2768,143049.23
2769,169646.57
2770,193859.59
2771,206554.15
2772,111438.27
2773,194746.53
2774,126104.67
2775,129013.77
2776,178486.71
2777,151334.12
2778,178506.31
2779,120950.22
2780,210756.21
2781,193046.29
2782,158353.53
2783,168657.71
2784,149579.53
2785,137055.42
2786,111994.9
2787,118451.2
2788,139574.91
2789,115567.86
2790,286807.95
2791,118216.29
2792,146384.85
2793,197526.35
2794,144338.11
2795,133116.34
2796,196845.13
2797,191456.76
2798,153632.07
2799,199738.06
2800,147916.21
2801,178417.96
2802,149238.68
2803,144393.85
2804,111834.33
2805,151038.89
2806,129261.4
2807,195530.97
2808,174898.44
2809,149707.67
2810,147855.59
2811,149795.92
2812,157467.31
2813,315913.14
2814,194821.31
2815,185512.13
2816,190752.62
2817,157474.38
2818,139008.36
2819,141828.35
2820,161426.32
2821,123819.75
2822,133767.03
2823,164777.68
2824,150365.25
2825,164729.61
2826,161416.84
2827,207347.15
2828,136027.41
2829,166540.31
2830,157747.24
2831,140284.11
2832,304446.08
2833,161738.45
2834,131125.37
2835,125229.1
2836,171609.11
2837,221713.95
2838,202328.87
2839,131139.56
2840,161917.75
2841,186561.74
2842,141661.59
2843,171619.79
2844,158081.14
2845,162003.04
2846,162320.85
2847,186473.47
2848,128294.79
2849,219425.76
2850,213356.07
2851,133856.83
2852,149910.36
2853,189815.13
2854,189995.47
2855,142311.47
2856,177505.2
2857,162102.91
2858,168649.08
2859,114747.66
2860,205875
2861,151773.9
2862,201214.16
2863,161284.02
2864,230581.04
2865,102357.15
2866,147467.03
2867,182849.4
2868,182911.52
2869,157660.61
2870,159333.17
2871,301068.67
2872,178944.12
2873,204938.9
2874,139531.72
2875,152600.28
2876,95307.83
2877,109205.65
2878,153391.56
2879,143046.06
2880,165446.14
2881,126735.89
2882,245560.42
2883,160139.95
2884,163362.31
2885,174018.11
2886,187978.95
2887,131879.4
2888,145802.11
2889,171299.7
2890,158456.22
2891,178821.09
2892,184125.77
2893,148026.52
2894,181537.77
2895,161658.28
2896,165004.3
2897,173331.1
2898,131045.05
2899,218339.97
2900,175359.86
2901,152273.97
2902,310495.93
2903,191163.42
2904,141909.68
2905,193083.07
2906,163188.73
2907,106640.67
2908,191194.11
2909,227398.6
2910,130818.5
2911,148709.24
2912,214084.68
2913,103643.55
2914,202835.86
2915,163452.83
2916,144628.7
2917,319639.99
2918,163841.3
2919,136010.66
2920,165070.54
2921,145622
2922,183765.57
2923,132803.48
2924,193303.97
2925,179573.61
2926,177060.99
2927,107429.68
2928,159487.78
2929,192913.38
2930,184809.36
2931,181808.43
2932,176366.17
2933,142619
2934,135192.07
2935,150623.51
2936,158768.02
2937,194404.16
2938,166052.06
2939,146782.31
2940,184372.09
2941,113687.29
2942,170165.82
2943,310497.03
2944,132214.96
2945,213890.67
2946,165391.77
2947,131301.06
2948,137162.12
2949,117733.04
2950,179353.06
2951,180218.92
2952,334311.89
2953,223406.93
2954,157517.98
2955,168551.52
2956,120020.13
2957,178177.26
2958,120073.72
2959,173318.32
2960,166108.43
2961,161221.7
2962,140956.7
2963,115378.5
2964,146995.52
2965,155998.99
2966,164297.69
2967,152231.29
2968,131581.25
2969,279281.01
2970,104838.43
2971,149492.68
2972,147431.52
2973,177898.4
2974,146828.58
2975,150184.09
2976,199976.98
2977,172320.8
2978,204204.21
2979,191406.21
2980,165670.85
2981,183796.03
2982,152518.51
2983,143049.23
2984,169646.57
2985,193859.59
2986,206554.15
2987,111438.27
2988,194746.53
2989,126104.67
2990,129013.77
2991,178486.71
2992,151334.12
2993,178506.31
2994,120950.22
2995,210756.21
2996,193046.29
2997,158353.53
2998,168657.71
2999,149579.53
3000,137055.42
3001,111994.9
3002,118451.2
3003,139574.91
3004,115567.86
3005,286807.95
3006,118216.29
3007,146384.85
3008,197526.35
3009,144338.11
3010,133116.34
3011,196845.13
3012,191456.76
3013,153632.07
3014,199738.06
3015,147916.21
3016,178417.96
3017,149238.68
3018,144393.85
3019,111834.33
3020,151038.89
3021,129261.4
3022,195530.97
3023,174898.44
3024,149707.67
3025,147855.59
3026,149795.92
3027,157467.31
3028,315913.14
3029,194821.31
3030,185512.13
3031,190752.62
3032,157474.38
3033,139008.36
3034,141828.35
3035,161426.32
3036,123819.75
3037,133767.03
3038,164777.68
3039,150365.25
3040,164729.61
3041,161416.84
3042,207347.15
3043,136027.41
3044,166540.31
3045,157747.24
3046,140284.11
3047,304446.08
3048,161738.45
3049,131125.37
3050,125229.1
3051,171609.11
3052,221713.95
3053,202328.87
3054,131139.56
3055,161917.75
3056,186561.74
3057,141661.59
3058,171619.79
3059,158081.14
3060,162003.04
3061,162320.85
3062,186473.47
3063,128294.79
3064,219425.76
3065,213356.07
3066,133856.83
3067,149910.36
3068,189815.13
3069,189995.47
3070,142311.47
3071,177505.2
3072,162102.91
3073,168649.08
3074,114747.66
3075,205875
3076,151773.9
3077,201214.16
3078,161284.02
3079,230581.04
3080,102357.15
3081,147467.03
3082,182849.4
3083,182911.52
3084,157660.61
3085,159333.17
3086,301068.67
3087,178944.12
3088,204938.9
3089,139531.72
3090,152600.28
3091,95307.83
3092,109205.65
3093,153391.56
3094,143046.06
3095,165446.14
3096,126735.89
3097,245560.42
3098,160139.95
3099,163362.31
3100,174018.11
3101,187978.95
3102,131879.4
3103,145802.11
3104,171299.7
3105,158456.22
3106,178821.09
3107,184125.77
3108,148026.52
3109,181537.77
3110,161658.28
3111,165004.3
3112,173331.1
3113,131045.05
3114,218339.97
3115,175359.86
3116,152273.97
3117,310495.93
3118,191163.42
3119,141909.68
3120,193083.07
3121,163188.73
3122,106640.67
3123,191194.11
3124,227398.6
3125,130818.5
3126,148709.24
3127,214084.68
3128,103643.55
3129,202835.86
3130,163452.83
3131,144628.7
3132,319639.99
3133,163841.3
3134,136010.66
3135,165070.54
3136,145622
3137,183765.57
3138,132803.48
3139,193303.97
3140,179573.61
3141,177060.99
3142,107429.68
3143,159487.78
3144,192913.38
3145,184809.36
3146,181808.43
3147,176366.17
3148,142619
3149,135192.07
3150,150623.51
3151,158768.02
3152,194404.16
3153,166052.06
3154,146782.31
3155,184372.09
3156,113687.29
3157,170165.82
3158,310497.03
3159,132214.96
3160,213890.67
3161,165391.77
3162,131301.06
3163,137162.12
3164,117733.04
3165,179353.06
3166,180218.92
3167,334311.89
3168,223406.93
3169,157517.98
3170,168551.52
3171,120020.13
3172,178177.26
3173,120073.72
3174,173318.32
3175,166108.43
3176,161221.7
3177,140956.7
3178,115378.5
3179,146995.52
3180,155998.99
3181,164297.69
3182,152231.29
3183,131581.25
3184,279281.01
3185,104838.43
3186,149492.68
3187,147431.52
3188,177898.4
3189,146828.58
3190,150184.09
3191,199976.98
3192,172320.8
3193,204204.21
3194,191406.21
3195,165670.85
3196,183796.03
3197,152518.51
3198,143049.23
3199,169646.57
3200,193859.59
3201,206554.15
3202,111438.27
3203,194746.53
3204,126104.67
3205,129013.77
3206,178486.71
3207,151334.12
3208,178506.31
3209,120950.22
3210,210756.21
3211,193046.29
3212,158353.53
3213,168657.71
3214,149579.53
3215,137055.42
3216,111994.9
3217,118451.2
3218,139574.91
3219,115567.86
3220,286807.95
3221,118216.29
3222,146384.85
3223,197526.35
3224,144338.11
3225,133116.34
3226,196845.13
3227,191456.76
3228,153632.07
3229,199738.06
3230,147916.21
3231,178417.96
3232,149238.68
3233,144393.85
3234,111834.33
3235,151038.89
3236,129261.4
3237,195530.97
3238,174898.44
3239,149707.67
3240,147855.59
3241,149795.92
3242,157467.31
3243,315913.14
3244,194821.31
3245,185512.13
3246,190752.62
3247,157474.38
3248,139008.36
3249,141828.35
3250,161426.32
3251,123819.75
3252,133767.03
3253,164777.68
3254,150365.25
3255,164729.61
3256,161416.84
3257,207347.15
3258,136027.41
3259,166540.31
3260,157747.24
3261,140284.11
3262,304446.08
3263,161738.45
3264,131125.37
3265,125229.1
3266,171609.11
3267,221713.95
3268,202328.87
3269,131139.56
3270,161917.75
3271,186561.74
3272,141661.59
3273,171619.79
3274,158081.14
3275,162003.04
3276,162320.85
3277,186473.47
3278,128294.79
3279,219425.76
3280,213356.07
3281,133856.83
3282,149910.36
3283,189815.13
3284,189995.47
3285,142311.47
3286,177505.2
3287,162102.91
3288,168649.08
3289,114747.66
3290,205875
3291,151773.9
3292,201214.16
3293,161284.02
3294,230581.04
3295,102357.15
3296,147467.03
3297,182849.4
3298,182911.52
3299,157660.61
3300,159333.17
3301,301068.67
3302,178944.12
3303,204938.9
3304,139531.72
3305,152600.28
3306,95307.83
3307,109205.65
3308,153391.56
3309,143046.06
3310,165446.14
3311,126735.89
3312,245560.42
3313,160139.95
3314,163362.31
3315,174018.11
3316,187978.95
3317,131879.4
3318,145802.11
3319,171299.7
3320,158456.22
3321,178821.09
3322,184125.77
3323,148026.52
3324,181537.77
3325,161658.28
3326,165004.3
3327,173331.1
3328,131045.05
3329,218339.97
3330,175359.86
3331,152273.97
3332,310495.93
3333,191163.42
3334,141909.68
3335,193083.07
3336,163188.73
3337,106640.67
3338,191194.11
3339,227398.6
3340,130818.5
3341,148709.24
3342,214084.68
3343,103643.55
3344,202835.86
3345,163452.83
3346,144628.7
3347,319639.99
3348,163841.3
3349,136010.66
3350,165070.54
3351,145622
3352,183765.57
3353,132803.48
3354,193303.97
3355,179573.61
3356,177060.99
3357,107429.68
3358,159487.78
3359,192913.38
3360,184809.36
3361,181808.43
3362,176366.17
3363,142619
3364,135192.07
3365,150623.51
3366,158768.02
3367,194404.16
3368,166052.06
3369,146782.31
3370,184372.09
3371,113687.29
3372,170165.82
3373,310497.03
3374,132214.96
3375,213890.67
3376,165391.77
3377,131301.06
3378,137162.12
3379,117733.04
3380,179353.06
3381,180218.92
3382,334311.89
3383,223406.93
3384,157517.98
3385,168551.52
3386,120020.13
3387,178177.26
3388,120073.72
3389,173318.32
3390,166108.43
3391,161221.7
3392,140956.7
3393,115378.5
3394,146995.52
3395,155998.99
3396,164297.69
3397,152231.29
3398,131581.25
3399,279281.01
3400,104838.43
3401,149492.68
3402,147431.52
3403,177898.4
3404,146828.58
3405,150184.09
3406,199976.98
3407,172320.8
3408,204204.21
3409,191406.21
3410,165670.85
3411,183796.03
3412,152518.51
3413,143049.23
3414,169646.57
3415,193859.59
3416,206554.15
3417,111438.27
3418,194746.53
3419,126104.67
3420,129013.77
3421,178486.71
3422,151334.12
3423,178506.31
3424,120950.22
3425,210756.21
3426,193046.29
3427,158353.53
3428,168657.71
3429,149579.53
3430,137055.42
3431,111994.9
3432,118451.2
3433,139574.91
3434,115567.86
3435,286807.95
3436,118216.29
3437,146384.85
3438,197526.35
3439,144338.11
3440,133116.34
3441,196845.13
3442,191456.76
3443,153632.07
3444,199738.06
3445,147916.21
3446,178417.96
3447,149238.68
3448,144393.85
3449,111834.33
3450,151038.89
3451,129261.4
3452,195530.97
3453,174898.44
3454,149707.67
3455,147855.59
3456,149795.92
3457,157467.31
3458,315913.14
3459,194821.31
3460,185512.13
3461,190752.62
3462,157474.38
3463,139008.36
3464,141828.35
3465,161426.32
3466,123819.75
3467,133767.03
3468,164777.68
3469,150365.25
3470,164729.61
3471,161416.84
3472,207347.15
3473,136027.41
3474,166540.31
3475,157747.24
3476,140284.11
3477,304446.08
3478,161738.45
3479,131125.37
3480,125229.1
3481,171609.11
3482,221713.95
3483,202328.87
3484,131139.56
3485,161917.75
3486,186561.74
3487,141661.59
3488,171619.79
3489,158081.14
3490,162003.04
3491,162320.85
3492,186473.47
3493,128294.79
3494,219425.76
3495,213356.07
3496,133856.83
3497,149910.36
3498,189815.13
3499,189995.47
3500,142311.47
3501,177505.2
3502,162102.91
3503,168649.08
3504,114747.66
3505,205875
3506,151773.9
3507,201214.16
3508,161284.02
3509,230581.04
3510,102357.15
3511,147467.03
3512,182849.4
3513,182911.52
3514,157660.61
3515,159333.17
3516,301068.67
3517,178944.12
3518,204938.9
3519,139531.72
3520,152600.28
3521,95307.83
3522,109205.65
3523,153391.56
3524,143046.06
3525,165446.14
3526,126735.89
3527,245560.42
3528,160139.95
3529,163362.31
3530,174018.11
3531,187978.95
3532,131879.4
3533,145802.11
3534,171299.7
3535,158456.22
3536,178821.09
3537,184125.77
3538,148026.52
3539,181537.77
3540,161658.28
3541,165004.3
3542,173331.1
3543,131045.05
3544,218339.97
3545,175359.86
3546,152273.97
3547,310495.93
3548,191163.42
3549,141909.68
3550,193083.07
3551,163188.73
3552,106640.67
3553,191194.11
3554,227398.6
3555,130818.5
3556,148709.24
3557,214084.68
3558,103643.55
3559,202835.86
3560,163452.83
3561,144628.7
3562,319639.99
3563,163841.3
3564,136010.66
3565,165070.54
3566,145622
3567,183765.57
3568,132803.48
3569,193303.97
3570,179573.61
3571,177060.99
3572,107429.68
3573,159487.78
3574,192913.38
3575,184809.36
3576,181808.43
3577,176366.17
3578,142619
3579,135192.07
3580,150623.51
3581,158768.02
3582,194404.16
3583,166052.06
3584,146782.31
3585,184372.09
3586,113687.29
3587,170165.82
3588,310497.03
3589,132214.96
3590,213890.67
3591,165391.77
3592,131301.06
3593,137162.12
3594,117733.04
3595,179353.06
3596,180218.92
3597,334311.89
3598,223406.93
3599,157517.98
3600,168551.52
3601,120020.13
3602,178177.26
3603,120073.72
3604,173318.32
3605,166108.43
3606,161221.7
3607,140956.7
3608,115378.5
3609,146995.52
3610,155998.99
3611,164297.69
3612,152231.29
3613,131581.25
3614,279281.01
3615,104838.43
3616,149492.68
3617,147431.52
3618,177898.4
3619,146828.58
3620,150184.09
3621,199976.98
3622,172320.8
3623,204204.21
3624,191406.21
3625,165670.85
3626,183796.03
3627,152518.51
3628,143049.23
3629,169646.57
3630,193859.59
3631,206554.15
3632,111438.27
3633,194746.53
3634,126104.67
3635,129013.77
3636,178486.71
3637,151334.12
3638,178506.31
3639,120950.22
3640,210756.21
3641,193046.29
3642,158353.53
3643,168657.71
3644,149579.53
3645,137055.42
3646,111994.9
3647,118451.2
3648,139574.91
3649,115567.86
3650,286807.95
3651,118216.29
3652,146384.85
3653,197526.35
3654,144338.11
3655,133116.34
3656,196845.13
3657,191456.76
3658,153632.07
3659,199738.06
3660,147916.21
3661,178417.96
3662,149238.68
3663,144393.85
3664,111834.33
3665,151038.89
3666,129261.4
3667,195530.97
3668,174898.44
3669,149707.67
3670,147855.59
3671,149795.92
3672,157467.31
3673,315913.14
3674,194821.31
3675,185512.13
3676,190752.62
3677,157474.38
3678,139008.36
3679,141828.35
3680,161426.32
3681,123819.75
3682,133767.03
3683,164777.68
3684,150365.25
3685,164729.61
3686,161416.84
3687,207347.15
3688,136027.41
3689,166540.31
3690,157747.24
3691,140284.11
3692,304446.08
3693,161738.45
3694,131125.37
3695,125229.1
3696,171609.11
3697,221713.95
3698,202328.87
3699,131139.56
3700,161917.75
3701,186561.74
3702,141661.59
3703,171619.79
3704,158081.14
3705,162003.04
3706,162320.85
3707,186473.47
3708,128294.79
3709,219425.76
3710,213356.07
3711,133856.83
3712,149910.36
3713,189815.13
3714,189995.47
3715,142311.47
3716,177505.2
3717,162102.91
3718,168649.08
3719,114747.66
3720,205875
3721,151773.9
3722,201214.16
3723,161284.02
3724,230581.04
3725,102357.15
3726,147467.03
3727,182849.4
3728,182911.52
3729,157660.61
3730,159333.17
3731,301068.67
3732,178944.12
3733,204938.9
3734,139531.72
3735,152600.28
3736,95307.83
3737,109205.65
3738,153391.56
3739,143046.06
3740,165446.14
3741,126735.89
3742,245560.42
3743,160139.95
3744,163362.31
3745,174018.11
3746,187978.95
3747,131879.4
3748,145802.11
3749,171299.7
3750,158456.22
3751,178821.09
3752,184125.77
3753,148026.52
3754,181537.77
3755,161658.28
3756,165004.3
3757,173331.1
3758,131045.05
3759,218339.97
3760,175359.86
3761,152273.97
3762,310495.93
3763,191163.42
3764,141909.68
3765,193083.07
3766,163188.73
3767,106640.67
3768,191194.11
3769,227398.6
3770,130818.5
3771,148709.24
3772,214084.68
3773,103643.55
3774,202835.86
3775,163452.83
3776,144628.7
3777,319639.99
3778,163841.3
3779,136010.66
3780,165070.54
3781,145622
3782,183765.57
3783,132803.48
3784,193303.97
3785,179573.61
3786,177060.99
3787,107429.68
3788,159487.78
3789,192913.38
3790,184809.36
3791,181808.43
3792,176366.17
3793,142619
3794,135192.07
3795,150623.51
3796,158768.02
3797,194404.16
3798,166052.06
3799,146782.31
3800,184372.09
3801,113687.29
3802,170165.82
3803,310497.03
3804,132214.96
3805,213890.67
3806,165391.77
3807,131301.06
3808,137162.12
3809,117733.04
3810,179353.06
3811,180218.92
3812,334311.89
3813,223406.93
3814,157517.98
3815,168551.52
3816,120020.13
3817,178177.26
3818,120073.72
3819,173318.32
3820,166108.43
3821,161221.7
3822,140956.7
3823,115378.5
3824,146995.52
3825,155998.99
3826,164297.69
3827,152231.29
3828,131581.25
3829,279281.01
3830,104838.43
3831,149492.68
3832,147431.52
3833,177898.4
3834,146828.58
3835,150184.09
3836,199976.98
3837,172320.8
3838,204204.21
3839,191406.21
3840,165670.85
3841,183796.03
3842,152518.51
3843,143049.23
3844,169646.57
3845,193859.59
3846,206554.15
3847,111438.27
3848,194746.53
3849,126104.67
3850,129013.77
3851,178486.71
3852,151334.12
3853,178506.31
3854,120950.22
3855,210756.21
3856,193046.29
3857,158353.53
3858,168657.71
3859,149579.53
3860,137055.42
3861,111994.9
3862,118451.2
3863,139574.91
3864,115567.86
3865,286807.95
3866,118216.29
3867,146384.85
3868,197526.35
3869,144338.11
3870,133116.34
3871,196845.13
3872,191456.76
3873,153632.07
3874,199738.06
3875,147916.21
3876,178417.96
3877,149238.68
3878,144393.85
3879,111834.33
3880,151038.89
3881,129261.4
3882,195530.97
3883,174898.44
3884,149707.67
3885,147855.59
3886,149795.92
3887,157467.31
3888,315913.14
3889,194821.31
3890,185512.13
3891,190752.62
3892,157474.38
3893,139008.36
3894,141828.35
3895,161426.32
3896,123819.75
3897,133767.03
3898,164777.68
3899,150365.25
3900,164729.61
3901,161416.84
3902,207347.15
3903,136027.41
3904,166540.31
3905,157747.24
3906,140284.11
3907,304446.08
3908,161738.45
3909,131125.37
3910,125229.1
3911,171609.11
3912,221713.95
3913,202328.87
3914,131139.56
3915,161917.75
3916,186561.74
3917,141661.59
3918,171619.79
3919,158081.14
3920,162003.04
3921,162320.85
3922,186473.47
3923,128294.79
3924,219425.76
3925,213356.07
3926,133856.83
3927,149910.36
3928,189815.13
3929,189995.47
3930,142311.47
3931,177505.2
3932,162102.91
3933,168649.08
3934,114747.66
3935,205875
3936,151773.9
3937,201214.16
3938,161284.02
3939,230581.04
3940,102357.15
3941,147467.03
3942,182849.4
3943,182911.52
3944,157660.61
3945,159333.17
3946,301068.67
3947,178944.12
3948,204938.9
3949,139531.72
3950,152600.28
3951,95307.83
3952,109205.65
3953,153391.56
3954,143046.06
3955,165446.14
3956,126735.89
3957,245560.42
3958,160139.95
3959,163362.31
3960,174018.11
3961,187978.95
3962,131879.4
3963,145802.11
3964,171299.7
3965,158456.22
3966,178821.09
3967,184125.77
3968,148026.52
3969,181537.77
3970,161658.28
3971,165004.3
3972,173331.1
3973,131045.05
3974,218339.97
3975,175359.86
3976,152273.97
3977,310495.93
3978,191163.42
3979,141909.68
3980,193083.07
3981,163188.73
3982,106640.67
3983,191194.11
3984,227398.6
3985,130818.5
3986,148709.24
3987,214084.68
3988,103643.55
3989,202835.86
3990,163452.83
3991,144628.7
3992,319639.99
3993,163841.3
3994,136010.66
3995,165070.54
3996,145622
3997,183765.57
3998,132803.48
3999,193303.97
4000,179573.61
4001,177060.99
4002,107429.68
4003,159487.78
4004,192913.38
4005,184809.36
4006,181808.43
4007,176366.17
4008,142619
4009,135192.07
4010,150623.51
4011,158768.02
4012,194404.16
4013,166052.06
4014,146782.31
4015,184372.09
4016,113687.29
4017,170165.82
4018,310497.03
4019,132214.96
4020,213890.67
4021,165391.77
4022,131301.06
4023,137162.12
4024,117733.04
4025,179353.06
4026,180218.92
4027,334311.89
4028,223406.93
4029,157517.98
4030,168551.52
4031,120020.13
4032,178177.26
4033,120073.72
4034,173318.32
4035,166108.43
4036,161221.7
4037,140956.7
4038,115378.5
4039,146995.52
4040,155998.99
4041,164297.69
4042,152231.29
4043,131581.25
4044,279281.01
4045,104838.43
4046,149492.68
4047,147431.52
4048,177898.4
4049,146828.58
4050,150184.09
4051,199976.98
4052,172320.8
4053,204204.21
4054,191406.21
4055,165670.85
4056,183796.03
4057,152518.51
4058,143049.23
4059,169646.57
4060,193859.59
4061,206554.15
4062,111438.27
4063,194746.53
4064,126104.67
4065,129013.77
4066,178486.71
4067,151334.12
4068,178506.31
4069,120950.22
4070,210756.21
4071,193046.29
4072,158353.53
4073,168657.71
4074,149579.53
4075,137055.42
4076,111994.9
4077,118451.2
4078,139574.91
4079,115567.86
4080,286807.95
4081,118216.29
4082,146384.85
4083,197526.35
4084,144338.11
4085,133116.34
4086,196845.13
4087,191456.76
4088,153632.07
4089,199738.06
4090,147916.21
4091,178417.96
4092,149238.68
4093,144393.85
4094,111834.33
4095,151038.89
4096,129261.4
4097,195530.97
4098,174898.44
4099,149707.67
4100,147855.59
4101,149795.92
4102,157467.31
4103,315913.14
4104,194821.31
4105,185512.13
4106,190752.62
4107,157474.38
4108,139008.36
4109,141828.35
4110,161426.32
4111,123819.75
4112,133767.03
4113,164777.68
4114,150365.25
4115,164729.61
4116,161416.84
4117,207347.15
4118,136027.41
4119,166540.31
4120,157747.24
4121,140284.11
4122,304446.08
4123,161738.45
4124,131125.37
4125,125229.1
4126,171609.11
4127,221713.95
4128,202328.87
4129,131139.56
4130,161917.75
4131,186561.74
4132,141661.59
4133,171619.79
4134,158081.14
4135,162003.04
4136,162320.85
4137,186473.47
4138,128294.79
4139,219425.76
4140,213356.07
4141,133856.83
4142,149910.36
4143,189815.13
4144,189995.47
4145,142311.47
4146,177505.2
4147,162102.91
4148,168649.08
4149,114747.66
4150,205875
4151,151773.9
4152,201214.16
4153,161284.02
4154,230581.04
4155,102357.15
4156,147467.03
4157,182849.4
4158,182911.52
4159,157660.61
4160,159333.17
4161,301068.67
4162,178944.12
4163,204938.9
4164,139531.72
4165,152600.28
4166,95307.83
4167,109205.65
4168,153391.56
4169,143046.06
4170,165446.14
4171,126735.89
4172,245560.42
4173,160139.95
4174,163362.31
4175,174018.11
4176,187978.95
4177,131879.4
4178,145802.11
4179,171299.7
4180,158456.22
4181,178821.09
4182,184125.77
4183,148026.52
4184,181537.77
4185,161658.28
4186,165004.3
4187,173331.1
4188,131045.05
4189,218339.97
4190,175359.86
4191,152273.97
4192,310495.93
4193,191163.42
4194,141909.68
4195,193083.07
4196,163188.73
4197,106640.67
4198,191194.11
4199,227398.6
4200,130818.5
4201,148709.24
4202,214084.68
4203,103643.55
4204,202835.86
4205,163452.83
4206,144628.7
4207,319639.99
4208,163841.3
4209,136010.66
4210,165070.54
4211,145622
4212,183765.57
4213,132803.48
4214,193303.97
4215,179573.61
4216,177060.99
4217,107429.68
4218,159487.78
4219,192913.38
4220,184809.36
4221,181808.43
4222,176366.17
4223,142619
4224,135192.07
4225,150623.51
4226,158768.02
4227,194404.16
4228,166052.06
4229,146782.31
4230,184372.09
4231,113687.29
4232,170165.82
4233,310497.03
4234,132214.96
4235,213890.67
4236,165391.77
4237,131301.06
4238,137162.12
4239,117733.04
4240,179353.06
4241,180218.92
4242,334311.89
4243,223406.93
4244,157517.98
4245,168551.52
4246,120020.13
4247,178177.26
4248,120073.72
4249,173318.32
4250,166108.43
4251,161221.7
4252,140956.7
4253,115378.5
4254,146995.52
4255,155998.99
4256,164297.69
4257,152231.29
4258,131581.25
4259,279281.01
4260,104838.43
4261,149492.68
4262,147431.52
4263,177898.4
4264,146828.58
4265,150184.09
4266,199976.98
4267,172320.8
4268,204204.21
4269,191406.21
4270,165670.85
4271,183796.03
4272,152518.51
4273,143049.23
4274,169646.57
4275,193859.59
4276,206554.15
4277,111438.27
4278,194746.53
4279,126104.67
4280,129013.77
4281,178486.71
4282,151334.12
4283,178506.31
4284,120950.22
4285,210756.21
4286,193046.29
4287,158353.53
4288,168657.71
4289,149579.53
4290,137055.42
4291,111994.9
4292,118451.2
4293,139574.91
4294,115567.86
4295,286807.95
4296,118216.29
4297,146384.85
4298,197526.35
4299,144338.11
4300,133116.34
4301,196845.13
4302,191456.76
4303,153632.07
4304,199738.06
4305,147916.21
4306,178417.96
4307,149238.68
4308,144393.85
4309,111834.33
4310,151038.89
4311,129261.4
4312,195530.97
4313,174898.44
4314,149707.67
4315,147855.59
4316,149795.92
4317,157467.31
4318,315913.14
4319,194821.31
4320,185512.13
4321,190752.62
4322,157474.38
4323,139008.36
4324,141828.35
4325,161426.32
4326,123819.75
4327,133767.03
4328,164777.68
4329,150365.25
4330,164729.61
4331,161416.84
4332,207347.15
4333,136027.41
4334,166540.31
4335,157747.24
4336,140284.11
4337,304446.08
4338,161738.45
4339,131125.37
4340,125229.1
4341,171609.11
4342,221713.95
4343,202328.87
4344,131139.56
4345,161917.75
4346,186561.74
4347,141661.59
4348,171619.79
4349,158081.14
4350,162003.04
4351,162320.85
4352,186473.47
4353,128294.79
4354,219425.76
4355,213356.07
4356,133856.83
4357,149910.36
4358,189815.13
4359,189995.47
4360,142311.47
4361,177505.2
4362,162102.91
4363,168649.08
4364,114747.66
4365,205875
4366,151773.9
4367,201214.16
4368,161284.02
4369,230581.04
4370,102357.15
4371,147467.03
4372,182849.4
4373,182911.52
4374,157660.61
4375,159333.17
4376,301068.67
4377,178944.12
4378,204938.9
4379,139531.72
4380,152600.28
4381,95307.83
4382,109205.65
4383,153391.56
4384,143046.06
4385,165446.14
4386,126735.89
4387,245560.42
4388,160139.95
4389,163362.31
4390,174018.11
4391,187978.95
4392,131879.4
4393,145802.11
4394,171299.7
4395,158456.22
4396,178821.09
4397,184125.77
4398,148026.52
4399,181537.77
4400,161658.28
4401,165004.3
4402,173331.1
4403,131045.05
4404,218339.97
4405,175359.86
4406,152273.97
4407,310495.93
4408,191163.42
4409,141909.68
4410,193083.07
4411,163188.73
4412,106640.67
4413,191194.11
4414,227398.6
4415,130818.5
4416,148709.24
4417,214084.68
4418,103643.55
4419,202835.86
4420,163452.83
4421,144628.7
4422,319639.99
4423,163841.3
4424,136010.66
4425,165070.54
4426,145622
4427,183765.57
4428,132803.48
4429,193303.97
4430,179573.61
4431,177060.99
4432,107429.68
4433,159487.78
4434,192913.38
4435,184809.36
4436,181808.43
4437,176366.17
4438,142619
4439,135192.07
4440,150623.51
4441,158768.02
4442,194404.16
4443,166052.06
4444,146782.31
4445,184372.09
4446,113687.29
4447,170165.82
4448,310497.03
4449,132214.96
4450,213890.67
4451,165391.77
4452,131301.06
4453,137162.12
4454,117733.04
4455,179353.06
4456,180218.92
4457,334311.89
4458,223406.93
4459,157517.98
4460,168551.52
4461,120020.13
4462,178177.26
4463,120073.72
4464,173318.32
4465,166108.43
4466,161221.7
4467,140956.7
4468,115378.5
4469,146995.52
4470,155998.99
4471,164297.69
4472,152231.29
4473,131581.25
4474,279281.01
4475,104838.43
4476,149492.68
4477,147431.52
4478,177898.4
4479,146828.58
4480,150184.09
4481,199976.98
4482,172320.8
4483,204204.21
4484,191406.21
4485,165670.85
4486,183796.03
4487,152518.51
4488,143049.23
4489,169646.57
4490,193859.59
4491,206554.15
4492,111438.27
4493,194746.53
4494,126104.67
4495,129013.77
4496,178486.71
4497,151334.12
4498,178506.31
4499,120950.22
4500,210756.21
4501,193046.29
4502,158353.53
4503,168657.71
4504,149579.53
4505,137055.42
4506,111994.9
4507,118451.2
4508,139574.91
4509,115567.86
4510,286807.95
4511,118216.29
4512,146384.85
4513,197526.35
4514,144338.11
4515,133116.34
4516,196845.13
4517,191456.76
4518,153632.07
4519,199738.06
4520,147916.21
4521,178417.96
4522,149238.68
4523,144393.85
4524,111834.33
4525,151038.89
4526,129261.4
4527,195530.97
4528,174898.44
4529,149707.67
4530,147855.59
4531,149795.92
4532,157467.31
4533,315913.14
4534,194821.31
4535,185512.13
4536,190752.62
4537,157474.38
4538,139008.36
4539,141828.35
4540,161426.32
4541,123819.75
4542,133767.03
4543,164777.68
4544,150365.25
4545,164729.61
4546,161416.84
4547,207347.15
4548,136027.41
4549,166540.31
4550,157747.24
4551,140284.11
4552,304446.08
4553,161738.45
4554,131125.37
4555,125229.1
4556,171609.11
4557,221713.95
4558,202328.87
4559,131139.56
4560,161917.75
4561,186561.74
4562,141661.59
4563,171619.79
4564,158081.14
4565,162003.04
4566,162320.85
4567,186473.47
4568,128294.79
4569,219425.76
4570,213356.07
4571,133856.83
4572,149910.36
4573,189815.13
4574,189995.47
4575,142311.47
4576,177505.2
4577,162102.91
4578,168649.08
4579,114747.66
4580,205875
4581,151773.9
4582,201214.16
4583,161284.02
4584,230581.04
4585,102357.15
4586,147467.03
4587,182849.4
4588,182911.52
4589,157660.61
4590,159333.17
4591,301068.67
4592,178944.12
4593,204938.9
4594,139531.72
4595,152600.28
4596,95307.83
4597,109205.65
4598,153391.56
4599,143046.06
4600,165446.14
4601,126735.89
4602,245560.42
4603,160139.95
4604,163362.31
4605,174018.11
4606,187978.95
4607,131879.4
4608,145802.11
4609,171299.7
4610,158456.22
4611,178821.09
4612,184125.77
4613,148026.52
4614,181537.77
4615,161658.28
4616,165004.3
4617,173331.1
4618,131045.05
4619,218339.97
4620,175359.86
4621,152273.97
4622,310495.93
4623,191163.42
4624,141909.68
4625,193083.07
4626,163188.73
4627,106640.67
4628,191194.11
4629,227398.6
4630,130818.5
4631,148709.24
4632,214084.68
4633,103643.55
4634,202835.86
4635,163452.83
4636,144628.7
4637,319639.99
4638,163841.3
4639,136010.66
4640,165070.54
4641,145622
4642,183765.57
4643,132803.48
4644,193303.97
4645,179573.61
4646,177060.99
4647,107429.68
4648,159487.78
4649,192913.38
4650,184809.36
4651,181808.43
4652,176366.17
4653,142619
4654,135192.07
4655,150623.51
4656,158768.02
4657,194404.16
4658,166052.06
4659,146782.31
4660,184372.09
4661,113687.29
4662,170165.82
4663,310497.03
4664,132214.96
4665,213890.67
4666,165391.77
4667,131301.06
4668,137162.12
4669,117733.04
4670,179353.06
4671,180218.92
4672,334311.89
4673,223406.93
4674,157517.98
4675,168551.52
4676,120020.13
4677,178177.26
4678,120073.72
4679,173318.32
4680,166108.43
4681,161221.7
4682,140956.7
4683,115378.5
4684,146995.52
4685,155998.99
4686,164297.69
4687,152231.29
4688,131581.25
4689,279281.01
4690,104838.43
4691,149492.68
4692,147431.52
4693,177898.4
4694,146828.58
4695,150184.09
4696,199976.98
4697,172320.8
4698,204204.21
4699,191406.21
4700,165670.85
4701,183796.03
4702,152518.51
4703,143049.23
4704,169646.57
4705,193859.59
4706,206554.15
4707,111438.27
4708,194746.53
4709,126104.67
4710,129013.77
4711,178486.71
4712,151334.12
4713,178506.31
4714,120950.22
4715,210756.21
4716,193046.29
4717,158353.53
4718,168657.71
4719,149579.53
4720,137055.42
4721,111994.9
4722,118451.2
4723,139574.91
4724,115567.86
4725,286807.95
4726,118216.29
4727,146384.85
4728,197526.35
4729,144338.11
4730,133116.34
4731,196845.13
4732,191456.76
4733,153632.07
4734,199738.06
4735,147916.21
4736,178417.96
4737,149238.68
4738,144393.85
4739,111834.33
4740,151038.89
4741,129261.4
4742,195530.97
4743,174898.44
4744,149707.67
4745,147855.59
4746,149795.92
4747,157467.31
4748,315913.14
4749,194821.31
4750,185512.13
4751,190752.62
4752,157474.38
4753,139008.36
4754,141828.35
4755,161426.32
4756,123819.75
4757,133767.03
4758,164777.68
4759,150365.25
4760,164729.61
4761,161416.84
4762,207347.15
4763,136027.41
4764,166540.31
4765,157747.24
4766,140284.11
4767,304446.08
4768,161738.45
4769,131125.37
4770,125229.1
4771,171609.11
4772,221713.95
4773,202328.87
4774,131139.56
4775,161917.75
4776,186561.74
4777,141661.59
4778,171619.79
4779,158081.14
4780,162003.04
4781,162320.85
4782,186473.47
4783,128294.79
4784,219425.76
4785,213356.07
4786,133856.83
4787,149910.36
4788,189815.13
4789,189995.47
4790,142311.47
4791,177505.2
4792,162102.91
4793,168649.08
4794,114747.66
4795,205875
4796,151773.9
4797,201214.16
4798,161284.02
4799,230581.04
4800,102357.15
4801,147467.03
4802,182849.4
4803,182911.52
4804,157660.61
4805,159333.17
4806,301068.67
4807,178944.12
4808,204938.9
4809,139531.72
4810,152600.28
4811,95307.83
4812,109205.65
4813,153391.56
4814,143046.06
4815,165446.14
4816,126735.89
4817,245560.42
4818,160139.95
4819,163362.31
4820,174018.11
4821,187978.95
4822,131879.4
4823,145802.11
4824,171299.7
4825,158456.22
4826,178821.09
4827,184125.77
4828,148026.52
4829,181537.77
4830,161658.28
4831,165004.3
4832,173331.1
4833,131045.05
4834,218339.97
4835,175359.86
4836,152273.97
4837,310495.93
4838,191163.42
4839,141909.68
4840,193083.07
4841,163188.73
4842,106640.67
4843,191194.11
4844,227398.6
4845,130818.5
4846,148709.24
4847,214084.68
4848,103643.55
4849,202835.86
4850,163452.83
4851,144628.7
4852,319639.99
4853,163841.3
4854,136010.66
4855,165070.54
4856,145622
4857,183765.57
4858,132803.48
4859,193303.97
4860,179573.61
4861,177060.99
4862,107429.68
4863,159487.78
4864,192913.38
4865,184809.36
4866,181808.43
4867,176366.17
4868,142619
4869,135192.07
4870,150623.51
4871,158768.02
4872,194404.16
4873,166052.06
4874,146782.31
4875,184372.09
4876,113687.29
4877,170165.82
4878,310497.03
4879,132214.96
4880,213890.67
4881,165391.77
4882,131301.06
4883,137162.12
4884,117733.04
4885,179353.06
4886,180218.92
4887,334311.89
4888,223406.93
4889,157517.98
4890,168551.52
4891,120020.13
4892,178177.26
4893,120073.72
4894,173318.32
4895,166108.43
4896,161221.7
4897,140956.7
4898,115378.5
4899,146995.52
4900,155998.99
4901,164297.69
4902,152231.29
4903,131581.25
4904,279281.01
4905,104838.43
4906,149492.68
4907,147431.52
4908,177898.4
4909,146828.58
4910,150184.09
4911,199976.98
4912,172320.8
4913,204204.21
4914,191406.21
4915,165670.85
4916,183796.03
4917,152518.51
4918,143049.23
4919,169646.57
4920,193859.59
4921,206554.15
4922,111438.27
4923,194746.53
4924,126104.67
4925,129013.77
4926,178486.71
4927,151334.12
4928,178506.31
4929,120950.22
4930,210756.21
4931,193046.29
4932,158353.53
4933,168657.71
4934,149579.53
4935,137055.42
4936,111994.9
4937,118451.2
4938,139574.91
4939,115567.86
4940,286807.95
4941,118216.29
4942,146384.85
4943,197526.35
4944,144338.11
4945,133116.34
4946,196845.13
4947,191456.76
4948,153632.07
4949,199738.06
4950,147916.21
4951,178417.96
4952,149238.68
4953,144393.85
4954,111834.33
4955,151038.89
4956,129261.4
4957,195530.97
4958,174898.44
4959,149707.67
4960,147855.59
4961,149795.92
4962,157467.31
4963,315913.14
4964,194821.31
4965,185512.13
4966,190752.62
4967,157474.38
4968,139008.36
4969,141828.35
4970,161426.32
4971,123819.75
4972,133767.03
4973,164777.68
4974,150365.25
4975,164729.61
4976,161416.84
4977,207347.15
4978,136027.41
4979,166540.31
4980,157747.24
4981,140284.11
4982,304446.08
4983,161738.45
4984,131125.37
4985,125229.1
4986,171609.11
4987,221713.95
4988,202328.87
4989,131139.56
4990,161917.75
4991,186561.74
4992,141661.59
4993,171619.79
4994,158081.14
4995,162003.04
4996,162320.85
4997,186473.47
4998,128294.79
4999,219425.76
5000,213356.07
